"","SNP","effect_allele.exposure","other_allele.exposure","beta.exposure","eaf.exposure","pval.exposure","N.exposure","se.exposure","id.exposure","exposure","pos"
"1","rs6503468","T","C",-0.063746,0.5786,2.1e-08,14009,0.0113683673469388,"Sclerostin","Sclerostin","41774270"
"2","rs9910625","T","C",0.039983,0.3415,8.03e-09,49371,0.0069265306122449,"Sclerostin","Sclerostin","41777862"
"3","rs7220711","A","G",-0.041722,0.6442,1.11e-09,49372,0.00684234693877551,"Sclerostin","Sclerostin","41789965"
"4","rs66838809","A","G",0.066314,0.0934,7.76e-09,49372,0.0114775510204082,"Sclerostin","Sclerostin","41798621"
"5","rs7213935","A","G",0.036955,0.2995,2.72e-07,49372,0.00718163265306122,"Sclerostin","Sclerostin","41801263"
"6","rs80107551","T","C",0.060792,0.0944,9.54e-08,49372,0.0113857142857143,"Sclerostin","Sclerostin","41808374"
