"","SNP","effect_allele.exposure","other_allele.exposure","beta.exposure","beta_95L","beta_95U","z","pval.exposure","X_.log10_p.value","q_statistic","q_p.value","i2","n_studies","N.exposure","effects","se.exposure","eaf.exposure","id.exposure","exposure"
"1","rs6503468","T","C",0.063746,0.041464,0.086027,5.607413,2.1e-08,7.676818,1.641632,0.200102,"0.390850",2,14009,"++?",0.0113683673469388,0.6624,"Sclerostin","Sclerostin"
"2","rs66838809","A","G",-0.066314,-0.08881,-0.043819,-5.777949,7.76e-09,8.110014,7.605257,0.022312,"0.737024",3,49372,"---",0.0114775510204082,0.0882,"Sclerostin","Sclerostin"
"3","rs7220711","A","G",0.041722,0.028311,0.055134,6.097554,1.11e-09,8.955015,5.563072,0.061943,"0.640486",3,49372,"+++",0.00684234693877551,0.6699,"Sclerostin","Sclerostin"
"4","rs7213935","A","G",-0.036955,-0.051031,-0.022879,-5.14592,2.72e-07,6.566063,2.190375,0.334477,"0.086914",3,49372,"---",0.00718163265306122,0.2786,"Sclerostin","Sclerostin"
"5","rs80107551","T","C",-0.060792,-0.083108,-0.038476,-5.339266,9.54e-08,7.020501,6.045751,0.048661,"0.669189",3,49372,"---",0.0113857142857143,0.0886,"Sclerostin","Sclerostin"
"6","rs9910625","T","C",-0.039983,-0.053559,-0.026406,-5.77228,8.03e-09,8.095417,6.213639,0.044743,"0.678127",3,49371,"---",0.0069265306122449,0.3171,"Sclerostin","Sclerostin"
